state	posterior
AB	0.000306
B	0.000329
BG	0.000350
G	0.001158
GM	0.350400
ABG	0.000227
M	0.392939
-	0.240057
A	0.014234
