state	posterior
AB	0.013555
B	0.005767
BG	0.006411
G	0.010297
GM	0.106468
ABG	0.009015
M	0.190097
-	0.492915
A	0.165475
