state	posterior
AB	0.004060
B	0.002455
BG	0.002664
G	0.006313
GM	0.229736
ABG	0.002869
M	0.332062
-	0.370781
A	0.049060
