state	posterior
AB	0.000546
B	0.000241
BG	0.002237
G	0.084577
GM	0.352401
ABG	0.000938
M	0.346913
-	0.204304
A	0.007845
