state	posterior
AB	0.000032
B	0.000087
BG	0.000200
G	0.003172
GM	0.204347
ABG	0.000026
M	0.375818
-	0.413004
A	0.003315
