state	posterior
AB	0.000027
B	0.000165
BG	0.000312
G	0.025300
GM	0.322240
ABG	0.000022
M	0.347705
-	0.303609
A	0.000621
