state	posterior
AB	0.000036
B	0.000105
BG	0.000150
G	0.000718
GM	0.457417
ABG	0.000029
M	0.490057
-	0.050926
A	0.000561
