state	posterior
AB	0.000207
B	0.000220
BG	0.000433
G	0.010379
GM	0.373153
ABG	0.000269
M	0.412126
-	0.197784
A	0.005430
