state	posterior
AB	0.000261
B	0.000245
BG	0.000648
G	0.003379
GM	0.329440
ABG	0.000360
M	0.427079
-	0.237543
A	0.001045
