state	posterior
AB	0.000260
B	0.000066
BG	0.002706
G	0.004618
GM	0.449803
ABG	0.001314
M	0.523436
-	0.014081
A	0.003716
