state	posterior
AB	0.000000
B	0.000003
BG	0.000001
G	0.000012
GM	0.335737
ABG	0.000000
M	0.656747
-	0.007494
A	0.000005
