state	posterior
AB	0.000012
B	0.000036
BG	0.000168
G	0.001212
GM	0.593380
ABG	0.000033
M	0.321763
-	0.083297
A	0.000099
